,insert_concurrent.exe,search_concurrent.exe,delete_concurrent.exe
1,23.198975,1.407998,2.196807
2,11.863633,0.727873,1.156691
4,6.241112,0.40102,0.618121
8,3.322394,0.225243,0.359749
16,1.862718,0.128589,0.220094
