,insert_concurrent.exe,search_concurrent.exe,delete_concurrent.exe
1,25.689413,2.371605,18.355365
2,20.489017,1.140957,16.66329
4,20.907012,0.641251,16.757466
8,24.594835,0.349678,17.459652
16,28.506048,0.191305,28.559453
