,insert_concurrent.exe,search_concurrent.exe,delete_concurrent.exe
1,8.003457,3.277749,4.503851
2,3.981255,1.577046,2.118711
4,2.053854,0.784766,1.116629
8,1.113692,0.399131,0.619414
16,0.638597,0.202959,0.376811
