,insert_concurrent.exe,search_concurrent.exe,delete_concurrent.exe
1,33.412231,2.68824,14.917085
2,18.125485,1.301052,8.068724
4,11.657958,0.731931,5.573607
8,9.05318,0.387156,5.282855
16,14.892273,0.221136,6.76033
