,insert_concurrent.exe,search_concurrent.exe,delete_concurrent.exe
1,56.388267,3.149466,24.37376
2,36.180719,1.434668,16.537716
4,30.419507,0.754045,13.998528
8,30.523736,0.3777,13.059368
