,insert_concurrent.exe,search_concurrent.exe,delete_concurrent.exe
1,28.399912,2.322882,20.412924
2,21.419429,1.131779,16.463972
4,20.445795,0.633377,15.735885
8,18.970191,0.348873,15.667741
16,16.831571,0.191815,14.536957
