,insert_concurrent.exe,search_concurrent.exe,delete_concurrent.exe
1,28.463667,2.348781,19.945425
2,22.598857,1.139537,16.853777
4,22.074015,0.644448,16.180862
8,22.573384,0.350776,16.374751
16,24.704032,0.197414,19.120396
