,insert_concurrent.exe,search_concurrent.exe,delete_concurrent.exe
1,29.926831,2.353526,21.580233
2,23.898446,1.135758,17.20587
4,22.90075,0.64435,16.576933
8,22.711904,0.347669,16.611921
16,21.954683,0.193244,17.329334
