,insert_concurrent.exe,search_concurrent.exe,delete_concurrent.exe
1,52.365596,3.114429,22.54965
2,31.512616,1.437584,13.940794
4,24.178441,0.743527,10.308271
8,20.472374,0.371819,8.140013
