,insert_concurrent.exe,search_concurrent.exe,delete_concurrent.exe
1,23.202033,1.425017,2.190166
2,11.696483,0.731124,1.234306
4,6.31047,0.399004,0.670883
8,3.332937,0.224678,0.357311
16,1.848799,0.129929,0.20936
