,insert_concurrent.exe,search_concurrent.exe,delete_concurrent.exe
1,27.378009,2.39441,19.081454
2,20.515505,1.144457,16.303611
4,19.288686,0.635564,15.828837
8,20.664535,0.349494,15.636403
16,20.660924,0.193467,15.194045
