,insert_concurrent.exe,search_concurrent.exe,delete_concurrent.exe
1,47.936381,3.102325,20.59058
2,27.289898,1.420228,12.106016
4,19.810982,0.73814,8.35452
8,15.91247,0.372502,6.204976
