,insert_concurrent.exe,search_concurrent.exe,delete_concurrent.exe
1,10.923099,2.13474,2.465008
2,4.594721,0.961661,1.116926
4,2.332652,0.480474,0.600166
8,1.221634,0.244018,0.356521
16,0.651774,0.122777,0.248605
