,insert_concurrent.exe,search_concurrent.exe,delete_concurrent.exe
1,35.477521,3.124825,25.901029
2,28.664269,1.428102,22.676472
4,27.330711,0.74384,21.994402
8,26.597877,0.368063,21.604446
16,25.218848,0.189786,22.008317
