,insert_concurrent.exe,search_concurrent.exe,delete_concurrent.exe
1,43.263395,3.122818,18.34342
2,23.046669,1.427591,10.75264
4,16.901813,0.752428,7.961727
8,15.08298,0.378746,6.532637
