,insert_concurrent.exe,search_concurrent.exe,delete_concurrent.exe
1,64.746357,6.286874,15.549734
2,33.616794,2.898996,13.320877
4,26.885435,1.501724,8.42129
8,24.614522,0.749614,7.598364
16,22.564628,0.384833,20.415265
