,insert_concurrent.exe,search_concurrent.exe,delete_concurrent.exe
1,27.77478,2.384358,19.546743
2,21.635847,1.147638,16.342487
4,20.807699,0.642541,15.777061
8,20.113815,0.35086,15.103953
16,19.211938,0.194187,14.599544
