,insert_concurrent.exe,search_concurrent.exe,delete_concurrent.exe
1,29.729404,2.47179,12.882967
2,16.027051,1.374078,7.92603
4,10.861532,0.779728,5.362769
8,8.336378,0.421995,3.872949
