,insert_concurrent.exe,search_concurrent.exe,delete_concurrent.exe
1,39.785901,3.093205,15.869488
2,20.051195,1.420567,9.183651
4,15.399318,0.749704,7.400629
8,15.26218,0.373982,6.953373
16,14.431619,0.191932,7.123297
