,insert_concurrent.exe,search_concurrent.exe,delete_concurrent.exe
1,37.967096,3.141938,16.359947
2,17.994807,1.426698,8.431971
4,11.571038,0.749281,5.711636
8,9.480824,0.376399,4.438868
