,insert_concurrent.exe,search_concurrent.exe,delete_concurrent.exe
1,39.096034,3.160417,17.006705
2,18.873648,1.444099,8.769621
4,12.496425,0.749413,6.019657
8,11.54882,0.374356,5.416928
