,insert_concurrent.exe,search_concurrent.exe,delete_concurrent.exe
1,71.697051,6.238457,39.939382
2,57.076022,2.888206,25.600991
4,54.996814,1.498918,22.733602
8,54.17278,0.738638,23.679619
16,54.056306,0.388727,67.065518
