,insert_concurrent.exe,search_concurrent.exe,delete_concurrent.exe
1,10.875514,2.130039,2.51654
2,4.575327,0.968919,1.117482
4,2.369854,0.485952,0.598085
8,1.211085,0.24361,0.355992
16,0.65015,0.123967,0.248206
