,insert_concurrent.exe,search_concurrent.exe,delete_concurrent.exe
1,5.299685,2.683882,3.433701
2,2.582948,1.272006,1.521511
4,1.289822,0.627184,0.778051
8,0.674625,0.321301,0.406791
16,0.330628,0.161811,0.221548
