,insert_concurrent.exe,search_concurrent.exe,delete_concurrent.exe
1,39.971189,3.125161,16.109756
2,19.52814,1.444278,9.177438
4,15.338029,0.738378,7.425609
8,15.281577,0.366832,6.958025
16,14.482067,0.190462,7.059258
