,insert_concurrent.exe,search_concurrent.exe,delete_concurrent.exe
1,0.526989,0.041601,0.063831
6,0.322223,0.017486,0.018088
11,0.285087,0.009354,0.013853
16,0.144113,0.007118,0.010516
21,0.167729,0.008484,0.014365
26,0.16431,0.010258,0.012904
