,insert_concurrent.exe,search_concurrent.exe,delete_concurrent.exe
1,41.623019,3.129738,17.790409
2,20.945822,1.444997,9.9661
4,15.185705,0.758659,7.25427
8,13.260239,0.379118,5.842826
