,insert_concurrent.exe,search_concurrent.exe,delete_concurrent.exe
1,37.708095,3.13286,15.039019
2,19.008416,1.431759,8.964296
4,14.972799,0.73913,7.256045
8,14.661711,0.368431,7.083087
16,14.647668,0.189014,6.984231
