,insert_concurrent.exe,search_concurrent.exe,delete_concurrent.exe
1,37.544766,3.109353,14.893647
2,18.781659,1.427179,8.984098
4,15.027111,0.739431,7.267355
8,14.905342,0.366972,7.10285
16,14.896103,0.190443,6.97291
