,insert_concurrent.exe,search_concurrent.exe,delete_concurrent.exe
1,21.564411,4.315168,2.58939
2,9.265751,1.931238,2.172459
4,4.678552,0.966478,1.113285
8,2.410333,0.488348,0.615784
16,1.282905,0.247647,0.370769
