,insert_concurrent.exe,search_concurrent.exe,delete_concurrent.exe
1,23.344118,1.421922,2.034741
2,11.713602,0.730907,1.10409
4,6.283182,0.394712,0.596857
8,3.318469,0.224733,0.311507
16,1.831386,0.12881,0.191794
