,insert_concurrent.exe,search_concurrent.exe,delete_concurrent.exe
1,35.079742,2.339453,15.355445
2,20.349217,1.100959,9.374744
4,15.260918,0.609037,7.216395
8,15.430821,0.311105,7.079912
