,insert_concurrent.exe,search_concurrent.exe,delete_concurrent.exe
1,11.622523,2.173961,2.533816
2,4.598646,0.974448,1.117677
4,2.339654,0.486948,0.596225
8,1.218332,0.245085,0.356345
16,0.651411,0.124277,0.249678
