,insert_concurrent.exe,search_concurrent.exe,delete_concurrent.exe
1,32.395242,3.089189,14.653302
2,17.266714,1.43474,8.22501
4,13.329821,0.746936,6.501872
8,12.095755,0.370297,5.362628
16,10.858024,0.19099,4.938698
