,insert_concurrent.exe,search_concurrent.exe,delete_concurrent.exe
1,32.982898,3.068006,15.003247
2,18.470171,1.430933,8.992061
4,15.028399,0.737099,7.208871
8,14.820015,0.367655,7.07252
16,14.789812,0.190689,6.922493
