,insert_concurrent.exe,search_concurrent.exe,delete_concurrent.exe
1,66.672045,6.215569,15.940091
2,36.634896,2.886816,14.034661
4,30.407854,1.501978,8.96682
8,30.411347,0.748268,8.712238
16,30.236303,0.387856,29.464858
