,insert_concurrent.exe,search_concurrent.exe,delete_concurrent.exe
1,32.768522,3.057333,15.076738
2,18.401398,1.440299,8.950444
4,14.962996,0.745217,7.25769
8,14.794714,0.368837,7.133371
16,14.726295,0.190285,6.925438
