,insert_concurrent.exe,search_concurrent.exe,delete_concurrent.exe
1,39.681317,3.114724,16.169616
2,19.813623,1.426092,9.302989
4,15.19184,0.74701,7.457209
8,15.189571,0.370111,7.195121
16,14.35068,0.189889,7.049809
