,insert_concurrent.exe,search_concurrent.exe,delete_concurrent.exe
1,56.759969,3.023338,24.269601
2,38.539817,1.426227,18.006699
4,35.129253,0.739785,16.902371
8,36.281879,0.369711,17.387934
16,36.072761,0.189889,16.850222
