,insert_concurrent.exe,search_concurrent.exe,delete_concurrent.exe
1,73.236721,6.231165,40.586314
2,57.465273,2.902442,26.154808
4,55.355356,1.49289,23.361754
8,59.248391,0.736596,23.458152
16,64.486436,0.385483,61.332604
