,insert_concurrent.exe,search_concurrent.exe,delete_concurrent.exe
1,22.150269,4.335094,2.583916
2,9.256455,1.933679,2.164674
4,4.672514,0.974362,1.112225
8,2.40689,0.486396,0.612456
16,1.285606,0.246303,0.368338
