,insert_concurrent.exe,search_concurrent.exe,delete_concurrent.exe
1,16.710159,6.8357,4.669809
2,8.123762,3.284858,3.966429
4,4.187803,1.642411,1.997089
8,2.2975,0.81991,1.057891
16,1.334233,0.412543,0.584839
