,insert_concurrent.exe,search_concurrent.exe,delete_concurrent.exe
1,32.930362,3.030837,15.086164
2,18.942603,1.438721,8.988738
4,15.051308,0.740993,7.204549
8,14.771252,0.371837,7.088538
16,14.735302,0.190008,6.969189
