,insert_concurrent.exe,search_concurrent.exe,delete_concurrent.exe
1,40.310127,3.171926,17.585834
2,20.256361,1.431555,9.500842
4,13.915517,0.748172,6.693745
8,13.120994,0.372798,6.048282
