,insert_concurrent.exe,search_concurrent.exe,delete_concurrent.exe
1,32.007061,3.097609,14.532087
2,16.738972,1.433019,8.206764
4,13.223316,0.743057,6.507163
8,11.895321,0.369923,5.361311
16,10.279422,0.190138,4.926945
