,insert_concurrent.exe,search_concurrent.exe,delete_concurrent.exe
1,42.883797,3.129456,15.246197
2,24.268566,1.4324,9.02358
4,17.846381,0.739931,7.262408
8,15.020843,0.366011,7.112983
16,14.722537,0.189939,6.999844
