,insert_concurrent.exe,search_concurrent.exe,delete_concurrent.exe
1,39.54478,3.119243,15.787702
2,20.332293,1.429143,9.336777
4,15.465053,0.752861,7.296002
8,15.097716,0.393489,7.130539
16,14.922802,0.194291,7.007066
