,insert_concurrent.exe,search_concurrent.exe,delete_concurrent.exe
1,11.306534,2.185535,2.4815
2,4.554043,0.971885,1.109473
4,2.335829,0.485647,0.594517
8,1.217765,0.247174,0.356654
16,0.649179,0.124446,0.250854
