,insert_concurrent.exe,search_concurrent.exe,delete_concurrent.exe
1,39.815923,3.08399,15.859786
2,19.667795,1.419699,9.194182
4,15.331297,0.747304,7.390024
8,15.127487,0.375494,6.912677
16,14.350363,0.191122,7.085677
