,insert_concurrent.exe,search_concurrent.exe,delete_concurrent.exe
1,36.342432,3.12988,26.426518
2,29.333484,1.42582,22.899226
4,28.045237,0.737858,22.409425
8,28.944751,0.365928,22.56856
16,31.372964,0.189123,25.650835
