,insert_concurrent.exe,search_concurrent.exe,delete_concurrent.exe
1,27.198625,2.346958,19.124806
2,21.118699,1.13989,16.267112
4,20.176849,0.646525,15.696563
8,19.595769,0.35524,15.13778
16,19.101769,0.196773,15.177489
