,insert_concurrent.exe,search_concurrent.exe,delete_concurrent.exe
1,21.941804,4.324467,2.619322
2,9.204735,1.948185,2.180055
4,4.698522,0.961911,1.112937
8,2.418795,0.486318,0.612663
16,1.287432,0.248329,0.369663
