,insert_concurrent.exe,search_concurrent.exe,delete_concurrent.exe
1,6.652416,2.505094,3.616825
2,3.399832,1.23448,1.770164
4,1.816583,0.653346,0.968678
8,1.008458,0.352925,0.556294
16,0.610503,0.196038,0.359227
