,insert_concurrent.exe,search_concurrent.exe,delete_concurrent.exe
1,32.261678,3.034689,14.529403
2,16.866175,1.436466,8.210071
4,13.345502,0.743535,6.469484
8,12.071403,0.370066,5.306704
16,10.387437,0.19093,4.898463
