,insert_concurrent.exe,search_concurrent.exe,delete_concurrent.exe
1,36.867941,3.14979,14.626382
2,17.330875,1.43374,8.196166
4,13.25691,0.744062,6.497094
8,11.842954,0.371117,5.357634
16,10.240447,0.18802,4.871939
