,insert_concurrent.exe,search_concurrent.exe,delete_concurrent.exe
1,4.162176,1.841822,2.254245
2,2.138893,0.939657,1.141644
4,1.137879,0.515589,0.640472
8,0.620466,0.284377,0.362576
16,0.353956,0.166326,0.224334
