,insert_concurrent.exe,search_concurrent.exe,delete_concurrent.exe
1,16.720977,6.756138,4.66941
2,8.151739,3.343627,3.950318
4,4.199859,1.679583,1.966478
8,2.298859,0.842548,1.043073
16,1.333903,0.412254,0.579304
