,insert_concurrent.exe,search_concurrent.exe,delete_concurrent.exe
1,32.446388,3.100024,14.656922
2,16.399902,1.423573,8.237135
4,13.17767,0.740034,6.508295
8,11.878863,0.370337,5.345022
16,10.787805,0.189845,4.915941
