,insert_concurrent.exe,search_concurrent.exe,delete_concurrent.exe
1,2.120915,0.243214,0.348969
6,0.348604,0.071893,0.099551
11,0.362043,0.047838,0.058683
16,1.450286,0.042306,0.047321
21,10.194497,0.042907,0.050281
26,15.982735,0.039176,0.051162
