,insert_concurrent.exe,search_concurrent.exe,delete_concurrent.exe
1,16.709622,6.808788,4.609975
2,8.120919,3.285475,4.010503
4,4.192061,1.642954,1.963325
8,2.300434,0.821858,1.048759
16,1.32869,0.412734,0.583016
