,insert_concurrent.exe,search_concurrent.exe,delete_concurrent.exe
1,0.085812,0.028095,0.042911
6,0.028375,0.010343,0.015612
11,0.029152,0.006993,0.009298
16,0.02609,0.00508,0.006761
21,0.049359,0.007409,0.008114
26,0.085287,0.006236,0.008259
