,insert_concurrent.exe,search_concurrent.exe,delete_concurrent.exe
1,8.695401,3.331231,4.578313
2,3.982937,1.573788,2.147255
4,2.05415,0.792691,1.129975
8,1.110663,0.398731,0.618172
16,0.637659,0.200231,0.3776
