,insert_concurrent.exe,search_concurrent.exe,delete_concurrent.exe
1,39.33782,3.15584,16.857838
2,18.811006,1.438054,8.97696
4,12.855648,0.746335,6.189093
8,10.717392,0.378572,4.807299
