,insert_concurrent.exe,search_concurrent.exe,delete_concurrent.exe
1,36.937526,3.119854,14.601428
2,17.250977,1.443291,8.202812
4,13.313098,0.738377,6.539263
8,11.824544,0.367224,5.348953
16,10.25825,0.189282,4.947841
