,insert_concurrent.exe,search_concurrent.exe,delete_concurrent.exe
1,23.207945,1.416368,2.054373
2,11.677752,0.736829,1.060054
4,6.306506,0.40167,0.575112
8,3.293994,0.222832,0.318384
16,1.857972,0.129223,0.192036
