,insert_concurrent.exe,search_concurrent.exe,delete_concurrent.exe
1,42.146987,3.160614,17.955801
2,22.040457,1.422471,10.25848
4,15.787831,0.757279,7.518149
8,13.989703,0.378896,6.105173
