,insert_concurrent.exe,search_concurrent.exe,delete_concurrent.exe
1,111.962688,3.148084,49.563256
2,91.804576,1.44289,41.904946
4,87.702014,0.755568,39.736705
8,89.550982,0.379278,38.595564
