,insert_concurrent.exe,search_concurrent.exe,delete_concurrent.exe
1,29.796795,2.347519,12.89984
2,14.922533,1.098013,6.946253
4,9.846253,0.600353,4.686694
8,8.113328,0.308426,3.692268
