,insert_concurrent.exe,search_concurrent.exe,delete_concurrent.exe
1,75.514756,3.129623,32.986268
2,55.352957,1.426192,25.467612
4,49.872202,0.756386,22.999933
8,51.036916,0.374116,20.957726
