,insert_concurrent.exe,search_concurrent.exe,delete_concurrent.exe
1,44.661615,2.672178,20.831142
2,27.068996,1.288919,12.080536
4,22.502419,0.725991,10.320982
8,19.116344,0.386657,10.226866
