,insert_concurrent.exe,search_concurrent.exe,delete_concurrent.exe
1,43.648637,3.145056,19.053091
2,23.682166,1.438326,11.203947
4,18.12528,0.754476,8.569208
8,17.759942,0.375072,7.742905
