,insert_concurrent.exe,search_concurrent.exe,delete_concurrent.exe
1,4.079445,1.964087,2.502636
2,2.001594,0.96197,1.176017
4,1.069337,0.526031,0.644866
8,0.583871,0.286552,0.356853
16,0.31408,0.167823,0.222317
