,insert_concurrent.exe,search_concurrent.exe,delete_concurrent.exe
1,8.976679,3.365925,4.488433
2,3.967877,1.556332,2.127002
4,2.048064,0.776191,1.113166
8,1.119339,0.397997,0.61541
16,0.63792,0.204022,0.376692
