,cpthread,thread,time
0,8,1,0.002232666666666667
1,8,2,0.0032433333333333337
2,8,4,0.003186333333333333
3,8,8,0.0024506666666666665
