,cpthread,thread,time
0,8,1,0.004628666666666667
1,8,2,0.005717666666666667
2,8,4,0.004692333333333333
3,8,8,0.0033873333333333338
