,cpthread,thread,time
0,8,1,0.0006823333333333334
1,8,2,0.001197
2,8,4,0.0007766666666666667
3,8,8,0.001027
