,cpthread,thread,time
0,8,1,0.00023666666666666663
1,8,2,0.00036166666666666666
2,8,4,0.00040533333333333334
3,8,8,0.0006606666666666666
