,insert_concurrent.exe,search_concurrent.exe,delete_concurrent.exe
1,10.122799,2.096919,2.458312
2,4.547331,0.964016,1.117261
4,2.332033,0.480575,0.600778
8,1.209695,0.242689,0.35812
16,0.644897,0.12301,0.252231
