,insert_concurrent.exe,search_concurrent.exe,delete_concurrent.exe
1,28.407778,2.324059,19.744187
2,23.013385,1.137304,17.157868
4,22.521745,0.645106,16.763832
8,24.850593,0.34638,17.174496
16,26.467222,0.194225,21.162369
