,insert_concurrent.exe,search_concurrent.exe,delete_concurrent.exe
1,42.560386,3.106529,18.599737
2,22.789036,1.43923,10.595257
4,16.834108,0.753817,7.94505
8,16.263176,0.377013,7.410674
