,insert_concurrent.exe,search_concurrent.exe,delete_concurrent.exe
1,53.984612,3.06795,22.50546
2,34.353445,1.447199,16.124771
4,30.71439,0.743824,15.282234
8,30.81989,0.367164,13.840194
16,27.819867,0.1889,13.471116
