,insert_concurrent.exe,search_concurrent.exe,delete_concurrent.exe
1,6.155652,2.345821,3.283839
2,3.209819,1.201892,1.715753
4,1.753189,0.635971,0.96255
8,1.004285,0.341747,0.563159
16,0.651345,0.18971,0.36751
