,insert_concurrent.exe,search_concurrent.exe,delete_concurrent.exe
1,25.277887,2.346596,17.8727
2,19.843145,1.123205,16.104026
4,18.85725,0.633906,15.771446
8,20.362661,0.345531,15.896358
16,21.595708,0.192821,15.465078
