,insert_concurrent.exe,search_concurrent.exe,delete_concurrent.exe
1,39.582866,3.100462,15.797381
2,19.334346,1.433647,9.310194
4,15.126286,0.761207,7.275285
8,14.620887,0.388486,6.977121
16,14.694037,0.188729,6.869583
