,insert_concurrent.exe,search_concurrent.exe,delete_concurrent.exe
1,22.208312,4.303201,2.611144
2,9.234731,1.930728,2.166513
4,4.681478,0.960677,1.12441
8,2.42331,0.484045,0.612314
16,1.286675,0.249092,0.367569
