,insert_concurrent.exe,search_concurrent.exe,delete_concurrent.exe
1,6.101531,2.365519,3.277807
2,3.187192,1.19426,1.711262
4,1.73599,0.638786,0.959675
8,0.995638,0.341082,0.563085
16,0.652178,0.192818,0.369397
