,insert_concurrent.exe,search_concurrent.exe,delete_concurrent.exe
1,41.258515,3.139349,17.728609
2,20.804095,1.423658,9.861262
4,14.939449,0.748224,7.072275
8,13.085179,0.376266,5.677166
