,insert_concurrent.exe,search_concurrent.exe,delete_concurrent.exe
1,41.954946,3.112399,18.242236
2,22.191718,1.429376,10.429291
4,16.197298,0.743759,7.693515
8,15.522552,0.374171,6.899311
