,insert_concurrent.exe,search_concurrent.exe,delete_concurrent.exe
1,11.656704,6.122182,3.566839
2,5.312049,3.164886,3.154879
4,2.664502,1.572427,1.550019
8,1.388031,0.7852,0.81077
16,0.685077,0.395019,0.435752
