,insert_concurrent.exe,search_concurrent.exe,delete_concurrent.exe
1,8.819942,3.363341,4.567828
2,3.984474,1.60028,2.142534
4,2.0541,0.801557,1.124205
8,1.110391,0.405414,0.619412
16,0.632594,0.202611,0.376659
