,insert_concurrent.exe,search_concurrent.exe,delete_concurrent.exe
1,71.363622,6.236964,39.99495
2,55.276416,2.912027,25.644033
4,54.779058,1.498784,22.972662
8,54.269454,0.736328,23.697491
16,54.693231,0.385189,38.988818
