,insert_concurrent.exe,search_concurrent.exe,delete_concurrent.exe
1,39.088655,3.127747,15.287743
2,18.387326,1.426888,8.593886
4,13.711046,0.769912,6.728707
8,12.35396,0.386713,5.482592
16,11.100832,0.188425,4.937502
