,insert_concurrent.exe,search_concurrent.exe,delete_concurrent.exe
1,37.631331,3.194277,15.05519
2,18.913794,1.433304,8.996929
4,15.03327,0.741158,7.187419
8,14.749694,0.36962,7.092511
16,14.91176,0.188176,6.914009
