,insert_concurrent.exe,search_concurrent.exe,delete_concurrent.exe
1,10.251357,2.066602,2.467653
2,4.549781,0.960008,1.111152
4,2.331995,0.478804,0.598758
8,1.216619,0.24021,0.357706
16,0.646151,0.122927,0.248841
