,insert_concurrent.exe,search_concurrent.exe,delete_concurrent.exe
1,73.252693,6.329055,40.557654
2,56.777431,2.88697,26.289079
4,55.819004,1.483634,23.363078
8,58.70572,0.742643,24.804202
16,64.300195,0.38406,66.2506
