,insert_concurrent.exe,search_concurrent.exe,delete_concurrent.exe
1,23.211536,1.406745,2.043119
2,11.874522,0.738131,1.07725
4,6.28473,0.402214,0.571247
8,3.298374,0.228646,0.315737
16,1.822329,0.129145,0.191843
