,insert_concurrent.exe,search_concurrent.exe,delete_concurrent.exe
1,38.799638,3.083629,15.154415
2,18.337177,1.415779,8.482129
4,13.998827,0.748966,6.622573
8,12.377653,0.373317,5.40272
16,10.546852,0.191031,4.965506
