,insert_concurrent.exe,search_concurrent.exe,delete_concurrent.exe
1,11.614425,6.163463,3.567076
2,5.347195,3.225373,3.131785
4,2.685055,1.586249,1.538236
8,1.40694,0.810369,0.811979
16,0.687345,0.399279,0.437541
