,insert_concurrent.exe,search_concurrent.exe,delete_concurrent.exe
1,45.05812,3.133257,19.172962
2,23.864541,1.434118,11.544035
4,18.317356,0.750475,8.848688
8,16.067225,0.374539,6.808123
