,insert_concurrent.exe,search_concurrent.exe,delete_concurrent.exe
1,5.552261,2.734296,3.404471
2,2.611257,1.281087,1.54342
4,1.306628,0.642989,0.791465
8,0.683722,0.321669,0.410039
16,0.336648,0.163,0.223321
