,insert_concurrent.exe,search_concurrent.exe,delete_concurrent.exe
1,29.303318,2.33798,20.408151
2,24.097907,1.139278,17.037789
4,22.761303,0.639608,16.629786
8,23.691804,0.342574,16.431158
16,25.093366,0.19368,18.648981
