,insert_concurrent.exe,search_concurrent.exe,delete_concurrent.exe
1,36.856849,3.167283,14.564498
2,17.543205,1.430107,8.221763
4,13.272263,0.738973,6.533
8,11.920916,0.3683,5.332729
16,10.699076,0.188842,4.895235
