,insert_concurrent.exe,search_concurrent.exe,delete_concurrent.exe
1,45.349917,3.136711,19.778238
2,25.756797,1.439038,12.377574
4,20.551735,0.752791,9.830897
8,19.609508,0.376365,8.368199
