,insert_concurrent.exe,search_concurrent.exe,delete_concurrent.exe
1,42.01194,3.101574,18.156168
2,21.826197,1.43312,10.321962
4,15.860215,0.752953,7.581895
8,15.171207,0.377875,6.908351
