,insert_concurrent.exe,search_concurrent.exe,delete_concurrent.exe
1,46.48347,3.163829,15.132078
2,25.063668,1.41939,8.968854
4,17.613011,0.734454,7.252384
8,14.946176,0.363164,7.108866
16,14.681859,0.188591,6.941407
