,insert_concurrent.exe,search_concurrent.exe,delete_concurrent.exe
1,22.018174,4.3217,2.609813
2,9.231897,1.935467,2.163366
4,4.682057,0.97294,1.124045
8,2.422483,0.484969,0.633775
16,1.285595,0.247741,0.372975
