,insert_concurrent.exe,search_concurrent.exe,delete_concurrent.exe
1,44.714633,3.168008,19.168408
2,24.524886,1.437656,11.529809
4,18.733033,0.753633,8.872612
8,17.563746,0.376957,7.776489
