,insert_concurrent.exe,search_concurrent.exe,delete_concurrent.exe
1,7.499303,0.045881,0.064212
6,4.077838,0.016995,0.021163
11,4.317887,0.009717,0.013823
16,5.299048,0.007231,0.010587
21,8.410013,0.009721,0.040807
26,11.406003,0.01068,0.05332
