,insert_concurrent.exe,search_concurrent.exe,delete_concurrent.exe
1,65.245326,6.335893,15.649302
2,37.542858,2.888523,14.942167
4,30.402933,1.493277,9.080508
8,30.461121,0.742072,9.040321
16,30.367397,0.383538,23.955065
