,cpthread,thread,time
0,8,1,0.0022316666666666665
1,8,2,0.0032166666666666667
2,8,4,0.0028703333333333337
3,8,8,0.0016083333333333334
