,cpthread,thread,time
0,8,1,0.004672333333333334
1,8,2,0.004565333333333334
2,8,4,0.0038616666666666665
3,8,8,0.0036763333333333335
