,cpthread,thread,time
0,8,1,0.0008003333333333333
1,8,2,0.000548
2,8,4,0.0005693333333333333
3,8,8,0.0006013333333333334
