,cpthread,thread,time
0,8,1,0.000245
1,8,2,0.00038833333333333336
2,8,4,0.0002353333333333333
3,8,8,0.00043233333333333334
