,insert_concurrent.exe,search_concurrent.exe,delete_concurrent.exe
1,45.159324,3.111372,19.669506
2,25.457129,1.432235,12.04783
4,19.453718,0.748028,9.430743
8,18.731388,0.372301,8.165713
