,insert_concurrent.exe,search_concurrent.exe,delete_concurrent.exe
1,21.898147,4.307599,2.589073
2,9.204683,1.938468,2.165148
4,4.685145,0.978621,1.12258
8,2.417301,0.486301,0.611535
16,1.290685,0.245126,0.370079
