,insert_concurrent.exe,search_concurrent.exe,delete_concurrent.exe
1,11.987216,6.075445,3.599427
2,5.341207,3.209546,3.134812
4,2.682137,1.616981,1.545986
8,1.404357,0.803416,0.812043
16,0.68755,0.395617,0.433519
