,insert_concurrent.exe,search_concurrent.exe,delete_concurrent.exe
1,17.037758,6.794138,4.727941
2,8.13368,3.35961,3.95827
4,4.201381,1.650341,1.990283
8,2.293742,0.83827,1.057581
16,1.329624,0.412546,0.581764
