,insert_concurrent.exe,search_concurrent.exe,delete_concurrent.exe
1,32.693815,3.081452,14.992291
2,18.530497,1.439661,8.973788
4,14.923182,0.744412,7.327488
8,14.738431,0.370182,7.089363
16,14.643327,0.191653,6.976469
