,insert_concurrent.exe,search_concurrent.exe,delete_concurrent.exe
1,39.773108,3.068249,15.99324
2,19.75633,1.425347,9.263032
4,15.388465,0.734864,7.472525
8,15.269283,0.365572,6.985199
16,14.467283,0.189292,7.054926
