,insert_concurrent.exe,search_concurrent.exe,delete_concurrent.exe
1,44.487161,3.155472,18.954513
2,24.113582,1.436559,11.427839
4,18.337516,0.752826,8.832742
8,15.973523,0.378776,6.933295
