,insert_concurrent.exe,search_concurrent.exe,delete_concurrent.exe
1,7.890971,3.260107,4.56275
2,3.943571,1.562346,2.121858
4,2.032363,0.785612,1.109649
8,1.110552,0.398562,0.610233
16,0.635192,0.199595,0.375854
