,insert_concurrent.exe,search_concurrent.exe,delete_concurrent.exe
1,56.712985,3.141276,25.007708
2,35.178744,1.425502,17.389895
4,29.827702,0.754072,14.662988
8,29.040878,0.382208,12.978284
