,insert_concurrent.exe,search_concurrent.exe,delete_concurrent.exe
1,22.324323,4.359644,2.602048
2,9.249644,1.974703,2.180771
4,4.681297,0.967623,1.118801
8,2.411525,0.486874,0.633259
16,1.281629,0.247431,0.370239
